{"stats":{"minecraft:killed":{"minecraft:chicken":1,"minecraft:cat":1,"minecraft:iron_golem":9,"minecraft:zombie":3,"minecraft:spider":1,"minecraft:pig":1,"minecraft:bat":38,"minecraft:villager":23},"minecraft:picked_up":{"minecraft:wooden_axe":1,"minecraft:birch_door":1,"minecraft:creeper_head":2,"minecraft:anvil":2,"minecraft:lead":2,"minecraft:stone_slab":1,"minecraft:wither_rose":1,"minecraft:acacia_pressure_plate":2,"minecraft:birch_button":24,"minecraft:infested_stone":1,"minecraft:gold_nugget":1,"minecraft:spruce_planks":1,"minecraft:dark_oak_door":8,"minecraft:spruce_pressure_plate":13,"minecraft:composter":1,"minecraft:warped_button":3,"minecraft:warped_pressure_plate":8,"minecraft:zombie_spawn_egg":1,"minecraft:lime_carpet":1,"minecraft:red_tulip":1,"minecraft:cyan_terracotta":1,"minecraft:bookshelf":1,"minecraft:end_rod":9,"minecraft:white_terracotta":1,"minecraft:iron_bars":1,"minecraft:gray_concrete":1,"minecraft:lantern":45,"minecraft:gray_concrete_powder":8,"minecraft:dark_oak_sign":9,"minecraft:birch_fence_gate":1,"minecraft:quartz_bricks":1,"minecraft:polished_andesite":2,"minecraft:lever":10,"minecraft:blue_banner":2,"minecraft:light_gray_carpet":37,"minecraft:redstone_lamp":1,"minecraft:heavy_weighted_pressure_plate":23,"minecraft:cornflower":26,"minecraft:acacia_door":7,"minecraft:white_carpet":29,"minecraft:glass_pane":1,"minecraft:poppy":21,"minecraft:egg":1,"minecraft:stone":65,"minecraft:oak_door":2,"minecraft:redstone":14,"minecraft:chicken_spawn_egg":1,"minecraft:warped_sign":9,"minecraft:rail":12,"minecraft:oxeye_daisy":22,"minecraft:tripwire_hook":14,"minecraft:yellow_dye":61,"minecraft:filled_map":32,"minecraft:blue_bed":1,"minecraft:white_banner":3,"minecraft:spawner":2,"minecraft:dark_oak_stairs":1,"minecraft:gravel":1,"minecraft:spruce_sapling":1,"minecraft:polished_diorite":1,"minecraft:light_blue_carpet":30,"minecraft:painting":1,"minecraft:birch_sign":79,"minecraft:smooth_quartz_slab":1,"minecraft:stone_brick_stairs":1,"minecraft:warped_stairs":1,"minecraft:globe_banner_pattern":1,"minecraft:sticky_piston":4,"minecraft:oak_sign":6,"minecraft:sea_pickle":6,"minecraft:red_sand":2,"minecraft:light_weighted_pressure_plate":1,"minecraft:white_tulip":2,"minecraft:red_dye":61,"minecraft:redstone_torch":9,"minecraft:smooth_quartz":1,"minecraft:blue_wool":1,"minecraft:stick":14,"minecraft:jungle_door":1,"minecraft:torch":6,"minecraft:spruce_stairs":1,"minecraft:crimson_button":1,"minecraft:diorite":2,"minecraft:light_gray_banner":5,"minecraft:rotten_flesh":4,"minecraft:repeater":1,"minecraft:dirt":1,"minecraft:wheat_seeds":238,"minecraft:orange_tulip":14,"minecraft:bell":4,"minecraft:oak_pressure_plate":1,"minecraft:black_stained_glass_pane":1,"minecraft:sand":12,"minecraft:yellow_carpet":14,"minecraft:black_concrete":1,"minecraft:soul_lantern":1,"minecraft:white_concrete":2,"minecraft:oak_sapling":17,"minecraft:oak_leaves":1,"minecraft:end_stone_bricks":1,"minecraft:azure_bluet":29,"minecraft:ladder":5,"minecraft:stone_brick_wall":1,"minecraft:item_frame":90,"minecraft:cyan_carpet":1,"minecraft:player_head":1,"minecraft:sugar_cane":10,"minecraft:stripped_crimson_hyphae":5,"minecraft:quartz_pillar":1,"minecraft:stone_button":38,"minecraft:stone_pressure_plate":8,"minecraft:purple_terracotta":1,"minecraft:golden_hoe":1,"minecraft:stripped_dark_oak_wood":1,"minecraft:pink_tulip":8,"minecraft:skeleton_skull":1,"minecraft:leather":2,"minecraft:crimson_fungus":1,"minecraft:yellow_bed":1,"minecraft:orange_terracotta":1,"minecraft:red_carpet":17,"minecraft:gray_carpet":6,"minecraft:iron_ingot":13,"minecraft:purple_concrete":5,"minecraft:scaffolding":659,"minecraft:dandelion":47,"minecraft:red_banner":2,"minecraft:gold_ore":2,"minecraft:green_carpet":40,"minecraft:spruce_door":2,"minecraft:terracotta":2},"minecraft:dropped":{"minecraft:quartz_pillar":1,"minecraft:blackstone_stairs":1,"minecraft:item_frame":1,"minecraft:dirt":1,"minecraft:grass":1,"minecraft:stone_button":1,"minecraft:black_stained_glass_pane":1,"minecraft:stripped_dark_oak_wood":2,"minecraft:polished_andesite_slab":1,"minecraft:quartz_bricks":1,"minecraft:blue_stained_glass":1,"minecraft:end_stone_bricks":2,"minecraft:podzol":1,"minecraft:stone_brick_stairs":4,"minecraft:iron_ingot":48,"minecraft:cobblestone":1,"minecraft:granite":1,"minecraft:chicken_spawn_egg":1,"minecraft:polished_andesite":3,"minecraft:lava_bucket":1,"minecraft:wooden_axe":3,"minecraft:white_banner":2,"minecraft:red_dye":61,"minecraft:smooth_stone":2,"minecraft:bricks":1,"minecraft:zombie_spawn_egg":1,"minecraft:green_bed":1,"minecraft:white_carpet":1,"minecraft:stone_slab":1,"minecraft:white_terracotta":4,"minecraft:end_stone_brick_wall":1,"minecraft:stone":65,"minecraft:spruce_planks":1,"minecraft:blue_banner":1,"minecraft:yellow_bed":2,"minecraft:red_sand":1,"minecraft:red_tulip":1,"minecraft:terracotta":2,"minecraft:gold_ore":2,"minecraft:dark_oak_stairs":2,"minecraft:lantern":1,"minecraft:black_banner":1,"minecraft:cyan_terracotta":3,"minecraft:cut_sandstone":1,"minecraft:black_concrete":1,"minecraft:gravel":1,"minecraft:birch_fence_gate":1,"minecraft:poppy":11,"minecraft:skeleton_skull":1,"minecraft:spruce_pressure_plate":1,"minecraft:stone_brick_wall":1,"minecraft:iron_bars":1,"minecraft:scaffolding":1,"minecraft:spawner":2,"minecraft:smithing_table":1,"minecraft:grass_block":1,"minecraft:diorite":1,"minecraft:warped_stairs":1,"minecraft:light_blue_wool":1,"minecraft:white_concrete":3,"minecraft:smooth_quartz":1,"minecraft:map":1,"minecraft:smooth_quartz_slab":1,"minecraft:polished_diorite":2,"minecraft:composter":1,"minecraft:stripped_acacia_wood":1,"minecraft:glass_pane":1,"minecraft:filled_map":46,"minecraft:andesite":1,"minecraft:quartz_stairs":1,"minecraft:blue_ice":1,"minecraft:infested_stone":1,"minecraft:gray_concrete_powder":1,"minecraft:stripped_crimson_hyphae":1},"minecraft:custom":{"minecraft:interact_with_crafting_table":2,"minecraft:open_barrel":10,"minecraft:bell_ring":6,"minecraft:leave_game":169,"minecraft:time_since_death":13786897,"minecraft:deaths":1,"minecraft:jump":31933,"minecraft:interact_with_cartography_table":6,"minecraft:sleep_in_bed":1581,"minecraft:damage_dealt":18751,"minecraft:interact_with_smoker":2,"minecraft:inspect_dispenser":24,"minecraft:interact_with_smithing_table":175,"minecraft:inspect_dropper":9,"minecraft:interact_with_anvil":38,"minecraft:inspect_hopper":103,"minecraft:sneak_time":2454069,"minecraft:interact_with_blast_furnace":21,"minecraft:tune_noteblock":5,"minecraft:interact_with_stonecutter":1,"minecraft:time_since_rest":24037,"minecraft:swim_one_cm":8133,"minecraft:fly_one_cm":553218486,"minecraft:open_chest":15,"minecraft:open_shulker_box":1,"minecraft:sprint_one_cm":2096772,"minecraft:drop":147,"minecraft:talked_to_villager":8,"minecraft:walk_on_water_one_cm":386129,"minecraft:play_one_minute":27902422,"minecraft:interact_with_loom":132,"minecraft:open_enderchest":1,"minecraft:interact_with_beacon":8,"minecraft:crouch_one_cm":508938,"minecraft:mob_kills":79,"minecraft:fill_cauldron":1,"minecraft:climb_one_cm":38953,"minecraft:walk_one_cm":15636026,"minecraft:walk_under_water_one_cm":459788,"minecraft:boat_one_cm":6785,"minecraft:pot_flower":41,"minecraft:interact_with_grindstone":6,"minecraft:damage_taken":280,"minecraft:trigger_trapped_chest":9,"minecraft:minecart_one_cm":1002},"minecraft:used":{"minecraft:nether_brick_fence":306,"minecraft:polished_granite_stairs":173,"minecraft:cut_red_sandstone_slab":169,"minecraft:smooth_quartz_slab":9070,"minecraft:spruce_slab":3319,"minecraft:dispenser":35,"minecraft:polished_blackstone":772,"minecraft:ladder":266,"minecraft:black_carpet":2,"minecraft:green_banner":10,"minecraft:chest":14,"minecraft:stone":31958,"minecraft:brown_concrete":115,"minecraft:warped_sign":41,"minecraft:quartz_stairs":1955,"minecraft:chiseled_red_sandstone":19,"minecraft:soul_sand":31,"minecraft:lily_of_the_valley":3,"minecraft:blue_stained_glass":1911,"minecraft:brick_slab":344,"minecraft:jungle_slab":53,"minecraft:orange_wool":506,"minecraft:acacia_sapling":43,"minecraft:acacia_button":6,"minecraft:stripped_spruce_log":260,"minecraft:polished_blackstone_slab":573,"minecraft:jungle_sapling":21,"minecraft:honey_block":83,"minecraft:packed_ice":25,"minecraft:lava_bucket":6,"minecraft:stripped_dark_oak_wood":8,"minecraft:quartz_pillar":5083,"minecraft:villager_spawn_egg":21,"minecraft:jungle_fence_gate":87,"minecraft:warped_hyphae":136,"minecraft:red_wool":824,"minecraft:black_stained_glass_pane":3446,"minecraft:grass_block":9293,"minecraft:birch_sapling":6,"minecraft:polished_andesite_stairs":1899,"minecraft:quartz_block":467,"minecraft:dark_oak_leaves":2448,"minecraft:dark_oak_slab":383,"minecraft:diorite_wall":749,"minecraft:dark_oak_button":6,"minecraft:pink_wool":14,"minecraft:stone_brick_stairs":6076,"minecraft:blue_banner":80,"minecraft:red_stained_glass_pane":151,"minecraft:snow":33,"minecraft:oak_sapling":183,"minecraft:furnace":4,"minecraft:acacia_fence":177,"minecraft:gray_banner":22,"minecraft:end_stone_brick_stairs":563,"minecraft:brown_concrete_powder":12,"minecraft:green_stained_glass_pane":19,"minecraft:dark_prismarine_stairs":20,"minecraft:lime_glazed_terracotta":5,"minecraft:light_blue_carpet":275,"minecraft:mossy_stone_bricks":16,"minecraft:diorite":2658,"minecraft:end_stone_bricks":8657,"minecraft:brick_wall":383,"minecraft:spruce_door":66,"minecraft:red_stained_glass":55,"minecraft:stripped_birch_log":1620,"minecraft:infested_stone":144,"minecraft:acacia_trapdoor":344,"minecraft:blackstone_stairs":593,"minecraft:blackstone":1782,"minecraft:lime_concrete_powder":116,"minecraft:mossy_stone_brick_stairs":142,"minecraft:jungle_pressure_plate":2,"minecraft:black_glazed_terracotta":151,"minecraft:composter":603,"minecraft:parrot_spawn_egg":7,"minecraft:clay":3307,"minecraft:smooth_quartz_stairs":4117,"minecraft:oak_leaves":2017,"minecraft:respawn_anchor":13,"minecraft:dark_oak_trapdoor":474,"minecraft:purpur_stairs":5,"minecraft:sand":1202,"minecraft:cut_sandstone_slab":1585,"minecraft:smooth_red_sandstone":5591,"minecraft:blast_furnace":44,"minecraft:blue_ice":895,"minecraft:acacia_leaves":969,"minecraft:chiseled_quartz_block":508,"minecraft:purple_terracotta":1762,"minecraft:gray_concrete":17668,"minecraft:red_sandstone_wall":160,"minecraft:crimson_fence_gate":33,"minecraft:purple_concrete_powder":1,"minecraft:birch_fence":405,"minecraft:chiseled_sandstone":71,"minecraft:crying_obsidian":46,"minecraft:gray_stained_glass_pane":318,"minecraft:zombie_head":11,"minecraft:birch_slab":1028,"minecraft:cyan_carpet":118,"minecraft:stone_button":460,"minecraft:lectern":107,"minecraft:white_glazed_terracotta":15,"minecraft:red_terracotta":1645,"minecraft:polished_granite":2129,"minecraft:oak_pressure_plate":2,"minecraft:cut_red_sandstone":2,"minecraft:lilac":1,"minecraft:polished_andesite_slab":3984,"minecraft:soul_lantern":251,"minecraft:diamond_sword":21,"minecraft:fire_charge":27,"minecraft:smithing_table":728,"minecraft:dark_oak_fence":285,"minecraft:white_stained_glass":269,"minecraft:green_concrete_powder":1224,"minecraft:ice":1452,"minecraft:purple_wool":125,"minecraft:diorite_slab":1373,"minecraft:diorite_stairs":137,"minecraft:oak_trapdoor":713,"minecraft:stripped_acacia_wood":53,"minecraft:polished_blackstone_brick_slab":1332,"minecraft:iron_bars":6589,"minecraft:orange_concrete":120,"minecraft:dead_bush":6,"minecraft:armor_stand":13,"minecraft:red_concrete":1558,"minecraft:light_gray_carpet":993,"minecraft:stripped_warped_stem":26,"minecraft:polished_blackstone_wall":2612,"minecraft:sandstone_wall":510,"minecraft:structure_block":19,"minecraft:netherrack":601,"minecraft:torch":34,"minecraft:dragon_egg":15,"minecraft:ancient_debris":9,"minecraft:brewing_stand":14,"minecraft:warped_wart_block":150,"minecraft:target":27,"minecraft:anvil":620,"minecraft:nether_quartz_ore":2,"minecraft:nether_brick_slab":7,"minecraft:stone_stairs":4917,"minecraft:dead_tube_coral":13,"minecraft:jungle_trapdoor":62,"minecraft:polished_granite_slab":838,"minecraft:dead_brain_coral_block":10,"minecraft:blue_concrete":1239,"minecraft:nether_brick_stairs":5,"minecraft:oak_fence_gate":36,"minecraft:polished_diorite":4929,"minecraft:fern":46,"minecraft:shroomlight":3,"minecraft:sea_lantern":3467,"minecraft:chipped_anvil":2,"minecraft:iron_block":5797,"minecraft:light_weighted_pressure_plate":25,"minecraft:slime_block":92,"minecraft:brick_stairs":1594,"minecraft:spruce_button":4,"minecraft:warped_fence":303,"minecraft:jungle_log":1,"minecraft:spawner":5,"minecraft:chicken_spawn_egg":4,"minecraft:smooth_quartz":11291,"minecraft:barrel":28,"minecraft:basalt":1022,"minecraft:tripwire_hook":105,"minecraft:purple_concrete":1302,"minecraft:glowstone":642,"minecraft:lime_concrete":439,"minecraft:warped_stairs":872,"minecraft:magenta_wool":91,"minecraft:tall_grass":72,"minecraft:gray_glazed_terracotta":9,"minecraft:iron_trapdoor":910,"minecraft:magenta_terracotta":77,"minecraft:podzol":6879,"minecraft:acacia_wood":335,"minecraft:trapped_chest":11,"minecraft:crimson_pressure_plate":8,"minecraft:acacia_planks":751,"minecraft:observer":177,"minecraft:orange_terracotta":204,"minecraft:dead_bubble_coral_fan":1,"minecraft:horn_coral_fan":10,"minecraft:crimson_stem":1,"minecraft:yellow_banner":24,"minecraft:water_bucket":1342,"minecraft:nether_brick_wall":53,"minecraft:light_blue_glazed_terracotta":59,"minecraft:sandstone_stairs":973,"minecraft:prismarine_brick_slab":177,"minecraft:birch_planks":5246,"minecraft:lime_wool":172,"minecraft:cartography_table":10,"minecraft:smooth_sandstone_slab":3430,"minecraft:blue_concrete_powder":63,"minecraft:cauldron":156,"minecraft:spruce_fence_gate":148,"minecraft:gilded_blackstone":9,"minecraft:cracked_stone_bricks":61,"minecraft:polished_blackstone_bricks":2991,"minecraft:pink_concrete":157,"minecraft:diamond_block":22,"minecraft:lime_terracotta":2372,"minecraft:orange_carpet":20,"minecraft:light_gray_banner":12,"minecraft:rail":860,"minecraft:comparator":11,"minecraft:tnt":1,"minecraft:oak_slab":1783,"minecraft:crafting_table":7,"minecraft:crimson_trapdoor":725,"minecraft:red_bed":58,"minecraft:birch_sign":123,"minecraft:campfire":49,"minecraft:white_bed":29,"minecraft:dark_oak_fence_gate":42,"minecraft:fire_coral":6,"minecraft:cake":7,"minecraft:spruce_log":352,"minecraft:mushroom_stem":582,"minecraft:bat_spawn_egg":4,"minecraft:oak_log":214,"minecraft:blue_stained_glass_pane":281,"minecraft:dark_prismarine":106,"minecraft:warped_trapdoor":63,"minecraft:acacia_sign":2,"minecraft:oak_button":8,"minecraft:spruce_pressure_plate":45,"minecraft:cyan_concrete":699,"minecraft:spruce_trapdoor":1223,"minecraft:purpur_slab":55,"minecraft:spruce_sapling":14,"minecraft:crimson_nylium":34,"minecraft:crimson_sign":45,"minecraft:green_carpet":113,"minecraft:blue_carpet":59,"minecraft:pink_bed":16,"minecraft:chiseled_stone_bricks":33,"minecraft:cobblestone":2192,"minecraft:purple_bed":22,"minecraft:crimson_stairs":403,"minecraft:acacia_pressure_plate":9,"minecraft:red_concrete_powder":16,"minecraft:warped_fence_gate":48,"minecraft:andesite_stairs":279,"minecraft:sandstone_slab":2,"minecraft:glass_pane":1296,"minecraft:end_portal_frame":176,"minecraft:stripped_oak_log":232,"minecraft:dandelion":5,"minecraft:brown_mushroom_block":2003,"minecraft:green_stained_glass":7,"minecraft:light_blue_banner":21,"minecraft:light_blue_stained_glass_pane":516,"minecraft:blue_terracotta":514,"minecraft:red_sand":5,"minecraft:light_gray_stained_glass_pane":79,"minecraft:melon":24,"minecraft:dead_tube_coral_fan":10,"minecraft:bone_block":3328,"minecraft:oak_sign":134,"minecraft:polished_basalt":386,"minecraft:white_concrete_powder":158,"minecraft:white_terracotta":56382,"minecraft:zombie_spawn_egg":8,"minecraft:creeper_head":3,"minecraft:stripped_jungle_wood":198,"minecraft:bell":31,"minecraft:grass":194,"minecraft:player_head":204,"minecraft:mossy_stone_brick_slab":326,"minecraft:smooth_sandstone_stairs":4956,"minecraft:green_terracotta":2044,"minecraft:soul_campfire":2,"minecraft:spruce_leaves":3216,"minecraft:birch_pressure_plate":48,"minecraft:jungle_planks":359,"minecraft:prismarine_brick_stairs":20,"minecraft:pink_terracotta":2789,"minecraft:beehive":292,"minecraft:cyan_wool":566,"minecraft:red_sandstone_stairs":528,"minecraft:glass":1608,"minecraft:crimson_button":9,"minecraft:cyan_terracotta":36710,"minecraft:bricks":11374,"minecraft:coal_ore":11,"minecraft:quartz_slab":1238,"minecraft:spruce_wood":142,"minecraft:lantern":2348,"minecraft:blue_orchid":35,"minecraft:green_wool":103,"minecraft:polished_blackstone_brick_wall":963,"minecraft:dark_oak_wood":11,"minecraft:light_blue_bed":16,"minecraft:gray_concrete_powder":2459,"minecraft:tropical_fish_spawn_egg":5,"minecraft:hopper_minecart":4,"minecraft:stone_bricks":5969,"minecraft:item_frame":1254,"minecraft:bedrock":154,"minecraft:birch_button":663,"minecraft:birch_trapdoor":41,"minecraft:red_carpet":72,"minecraft:repeater":158,"minecraft:redstone_lamp":347,"minecraft:red_nether_brick_wall":56,"minecraft:brown_carpet":12,"minecraft:hay_block":68,"minecraft:scaffolding":1495,"minecraft:jungle_button":4,"minecraft:gray_bed":18,"minecraft:polished_diorite_stairs":431,"minecraft:gold_block":164,"minecraft:skeleton_skull":18,"minecraft:polished_blackstone_stairs":118,"minecraft:large_fern":18,"minecraft:stripped_spruce_wood":133,"minecraft:zoglin_spawn_egg":5,"minecraft:chiseled_polished_blackstone":238,"minecraft:dark_oak_stairs":1736,"minecraft:end_rod":105,"minecraft:dropper":5,"minecraft:wither_skeleton_skull":24,"minecraft:birch_leaves":785,"minecraft:dark_oak_sign":56,"minecraft:gray_carpet":247,"minecraft:jungle_fence":713,"minecraft:oak_planks":3562,"minecraft:polished_diorite_slab":1112,"minecraft:sandstone":172,"minecraft:end_stone_brick_slab":147,"minecraft:redstone_block":832,"minecraft:structure_void":1,"minecraft:blue_bed":160,"minecraft:sugar_cane":2,"minecraft:white_wool":5188,"minecraft:golden_hoe":1,"minecraft:yellow_terracotta":2916,"minecraft:infested_chiseled_stone_bricks":28,"minecraft:light_blue_concrete":2509,"minecraft:loom":155,"minecraft:light_blue_wool":439,"minecraft:black_banner":100,"minecraft:light_gray_terracotta":9061,"minecraft:yellow_concrete":419,"minecraft:sponge":71,"minecraft:blackstone_wall":479,"minecraft:note_block":24,"minecraft:stone_brick_wall":2757,"minecraft:black_bed":34,"minecraft:end_stone":762,"minecraft:redstone_torch":208,"minecraft:black_terracotta":427,"minecraft:sticky_piston":43,"minecraft:lever":134,"minecraft:green_concrete":394,"minecraft:black_concrete":596,"minecraft:birch_fence_gate":22,"minecraft:daylight_detector":103,"minecraft:acacia_door":21,"minecraft:gray_shulker_box":8,"minecraft:light_gray_concrete":8898,"minecraft:lime_carpet":12,"minecraft:heavy_weighted_pressure_plate":173,"minecraft:nether_sprouts":72,"minecraft:warped_slab":2002,"minecraft:cyan_bed":74,"minecraft:brown_wool":706,"minecraft:string":2,"minecraft:iron_door":60,"minecraft:prismarine_wall":217,"minecraft:gravel":360,"minecraft:blackstone_slab":1646,"minecraft:granite_slab":951,"minecraft:dead_horn_coral":2,"minecraft:stripped_warped_hyphae":217,"minecraft:jungle_sign":5,"minecraft:smooth_red_sandstone_slab":347,"minecraft:light_blue_concrete_powder":539,"minecraft:dead_horn_coral_fan":20,"minecraft:grindstone":113,"minecraft:stripped_oak_wood":473,"minecraft:andesite":5646,"minecraft:chain":3824,"minecraft:smooth_stone_slab":44343,"minecraft:mossy_cobblestone_wall":36,"minecraft:white_concrete":33588,"minecraft:tropical_fish_bucket":6,"minecraft:coarse_dirt":4645,"minecraft:warped_button":82,"minecraft:bone_meal":1109,"minecraft:oak_fence":289,"minecraft:purpur_block":134,"minecraft:petrified_oak_slab":382,"minecraft:orange_concrete_powder":4,"minecraft:netherite_sword":200,"minecraft:jungle_leaves":1513,"minecraft:rose_bush":1,"minecraft:granite_stairs":96,"minecraft:crimson_fence":95,"minecraft:redstone_ore":1,"minecraft:redstone":260,"minecraft:light_blue_terracotta":4113,"minecraft:spruce_planks":9442,"minecraft:ender_chest":3,"minecraft:stripped_birch_wood":939,"minecraft:dried_kelp_block":794,"minecraft:oak_door":65,"minecraft:end_stone_brick_wall":652,"minecraft:dirt":843,"minecraft:white_carpet":2996,"minecraft:hopper":264,"minecraft:prismarine_bricks":177,"minecraft:spruce_stairs":2199,"minecraft:cobblestone_wall":628,"minecraft:warped_door":3,"minecraft:oak_wood":42,"minecraft:warped_pressure_plate":33,"minecraft:spruce_fence":877,"minecraft:granite":2787,"minecraft:light_blue_stained_glass":1131,"minecraft:birch_door":23,"minecraft:andesite_wall":6150,"minecraft:purple_banner":14,"minecraft:stone_brick_slab":4133,"minecraft:dark_oak_planks":272,"minecraft:brown_terracotta":1472,"minecraft:bookshelf":474,"minecraft:light_gray_stained_glass":37,"minecraft:yellow_stained_glass":77,"minecraft:oak_stairs":2544,"minecraft:acacia_slab":41,"minecraft:smooth_sandstone":14023,"minecraft:crimson_slab":455,"minecraft:polished_blackstone_brick_stairs":2579,"minecraft:crimson_planks":1292,"minecraft:yellow_concrete_powder":190,"minecraft:light_gray_wool":10681,"minecraft:black_stained_glass":8079,"minecraft:wolf_spawn_egg":5,"minecraft:emerald_block":14,"minecraft:soul_soil":2,"minecraft:dark_oak_pressure_plate":4,"minecraft:white_stained_glass_pane":1105,"minecraft:minecart":50,"minecraft:infested_cobblestone":8,"minecraft:cyan_concrete_powder":45,"minecraft:cyan_banner":21,"minecraft:stone_pressure_plate":163,"minecraft:granite_wall":714,"minecraft:dead_bubble_coral_block":374,"minecraft:turtle_egg":17,"minecraft:mossy_stone_brick_wall":11,"minecraft:light_gray_bed":1,"minecraft:brown_bed":249,"minecraft:quartz_bricks":2796,"minecraft:cobblestone_stairs":566,"minecraft:lodestone":306,"minecraft:snow_block":9531,"minecraft:polished_andesite":26700,"minecraft:red_nether_bricks":224,"minecraft:blue_wool":502,"minecraft:andesite_slab":2581,"minecraft:birch_boat":7,"minecraft:purple_glazed_terracotta":67,"minecraft:cut_sandstone":2850,"minecraft:spruce_sign":40,"minecraft:beacon":81,"minecraft:stonecutter":17,"minecraft:green_bed":92,"minecraft:red_glazed_terracotta":91,"minecraft:chiseled_nether_bricks":2,"minecraft:cobblestone_slab":3975,"minecraft:warped_roots":34,"minecraft:polished_blackstone_pressure_plate":20,"minecraft:stripped_dark_oak_log":86,"minecraft:terracotta":4020,"minecraft:dark_prismarine_slab":862,"minecraft:lime_bed":21,"minecraft:magenta_bed":16,"minecraft:light_gray_concrete_powder":305,"minecraft:painting":219,"minecraft:infested_stone_bricks":661,"minecraft:smooth_red_sandstone_stairs":536,"minecraft:warped_planks":231,"minecraft:smoker":5,"minecraft:dark_oak_door":139,"minecraft:nether_gold_ore":3,"minecraft:cyan_stained_glass":612,"minecraft:gray_terracotta":21,"minecraft:piston":84,"minecraft:netherite_block":886,"minecraft:flower_pot":193,"minecraft:acacia_stairs":97,"minecraft:black_wool":454,"minecraft:command_block":243,"minecraft:map":341,"minecraft:netherite_axe":58,"minecraft:magenta_concrete":337,"minecraft:jungle_stairs":95,"minecraft:stone_slab":20218,"minecraft:yellow_wool":373,"minecraft:acacia_fence_gate":7,"minecraft:magenta_banner":3,"minecraft:brown_stained_glass_pane":148,"minecraft:crimson_fungus":1,"minecraft:end_crystal":1,"minecraft:stripped_crimson_hyphae":737,"minecraft:cyan_stained_glass_pane":529,"minecraft:white_banner":58,"minecraft:lapis_block":49,"minecraft:jungle_door":22,"minecraft:red_banner":57,"minecraft:bucket":1,"minecraft:sea_pickle":92,"minecraft:yellow_bed":48,"minecraft:polished_blackstone_button":39,"minecraft:wither_rose":1,"minecraft:purple_carpet":20,"minecraft:gray_wool":3212,"minecraft:smooth_stone":33117,"minecraft:birch_stairs":2792}},"DataVersion":2578}